{
  "train_time": 0.46253395080566406,
  "final_precision": 0.0047138047138047135,
  "final_recall": 0.01907968574635241,
  "n_epochs": 30,
  "n_factors": 150,
  "learning_curve": {
    "epochs": [
      1,
      2,
      3,
      4,
      5,
      6,
      7,
      8,
      9,
      10,
      11,
      12,
      13,
      14,
      15,
      16,
      17,
      18,
      19,
      20,
      21,
      22,
      23,
      24,
      25,
      26,
      27,
      28,
      29,
      30
    ]
  }
}