{
  "train_time": 17.34090495109558,
  "final_precision": 0.017508417508417508,
  "final_recall": 0.08031351364684698,
  "n_epochs": 50,
  "learning_curve": {
    "epochs": [
      1,
      2,
      3,
      4,
      5,
      6,
      7,
      8,
      9,
      10,
      11,
      12,
      13,
      14,
      15,
      16,
      17,
      18,
      19,
      20,
      21,
      22,
      23,
      24,
      25,
      26,
      27,
      28,
      29,
      30,
      31,
      32,
      33,
      34,
      35,
      36,
      37,
      38,
      39,
      40,
      41,
      42,
      43,
      44,
      45,
      46,
      47,
      48,
      49,
      50
    ],
    "train_loss": [
      0.6922520453279669,
      0.6911434802142057,
      0.6892024278640747,
      0.6859437498179349,
      0.6808142987164584,
      0.6730927120555531,
      0.6622386791489341,
      0.648077899759466,
      0.6303982517936013,
      0.6086131117560647,
      0.5848378701643511,
      0.5588005781173706,
      0.5325119712136008,
      0.5056670822880485,
      0.4795197383923964,
      0.45372877337715845,
      0.429870990189639,
      0.4061706309968775,
      0.38787535103884613,
      0.3696378171443939,
      0.3513058776205236,
      0.33686979521404614,
      0.32027569684115326,
      0.30676559155637567,
      0.2917708862911571,
      0.27745919877832587,
      0.2685419890013608,
      0.2561847459186207,
      0.24565213512290607,
      0.23797167566689578,
      0.2286141880533912,
      0.2174181897531856,
      0.21015117385170676,
      0.20592897588556464,
      0.19635427675463937,
      0.19206807559186762,
      0.18366463753310117,
      0.1805495863611048,
      0.17013847015120767,
      0.16566173461350528,
      0.16092967174269937,
      0.15665669468316165,
      0.15261277150024066,
      0.1454706151377071,
      0.14262984151189978,
      0.13912274620749734,
      0.13509612056342038,
      0.130668929354711,
      0.12822151048616928,
      0.12752577730200507
    ]
  }
}