model,Cold,Warm-A,Warm-B,Warm-C
BPR,0.0,0.0,0.0,0.0
BiVAE,0.0,0.0,0.0,0.0
EmerG,0.004469273611903191,0.011173184029757977,0.010055866092443466,0.011173184029757977
LightGCN,0.0,0.0,0.0,0.0
MF,0.0,0.0,0.0,0.0
