{
  "train_time": 20.15958285331726,
  "final_precision": 0.006734006734006734,
  "final_recall": 0.029212762546095884,
  "n_epochs": 50
}