{
  "train_time": 1.6810810565948486,
  "final_precision": 0.010101010101010102,
  "final_recall": 0.04531517864851198,
  "n_epochs": 200
}